{
  "type": "minecraft:chest",
  "pools": [
    {
      "bonus_rolls": 0.0,
      "entries": [
        {
          "type": "minecraft:item",
          "functions": [
            {
              "add": false,
              "count": {
                "type": "minecraft:uniform",
                "max": 3.0,
                "min": 1.0
              },
              "function": "minecraft:set_count"
            }
          ],
          "name": "minecraft:apple",
          "weight": 15
        },
        {
          "type": "minecraft:item",
          "functions": [
            {
              "add": false,
              "count": {
                "type": "minecraft:uniform",
                "max": 4.0,
                "min": 1.0
              },
              "function": "minecraft:set_count"
            }
          ],
          "name": "minecraft:coal",
          "weight": 15
        },
        {
          "type": "minecraft:item",
          "functions": [
            {
              "add": false,
              "count": {
                "type": "minecraft:uniform",
                "max": 3.0,
                "min": 1.0
              },
              "function": "minecraft:set_count"
            }
          ],
          "name": "minecraft:gold_nugget",
          "weight": 10
        },
        {
          "type": "minecraft:item",
          "name": "minecraft:stone_axe",
          "weight": 2
        },
        {
          "type": "minecraft:item",
          "name": "minecraft:rotten_flesh",
          "weight": 10
        },
        {
          "type": "minecraft:item",
          "name": "minecraft:emerald"
        },
        {
          "type": "minecraft:item",
          "functions": [
            {
              "add": false,
              "count": {
                "type": "minecraft:uniform",
                "max": 3.0,
                "min": 2.0
              },
              "function": "minecraft:set_count"
            }
          ],
          "name": "minecraft:wheat",
          "weight": 10
        }
      ],
      "rolls": {
        "type": "minecraft:uniform",
        "max": 8.0,
        "min": 2.0
      }
    },
    {
      "bonus_rolls": 0.0,
      "entries": [
        {
          "type": "minecraft:empty",
          "weight": 3
        },
        {
          "type": "minecraft:item",
          "name": "minecraft:structure_block",
          "weight": 2,
          "count": 1,
          "functions": [
            {
              "function": "minecraft:set_name",
              "name": {
                "translate": "item.tooltrims.smithing_template",
                "color": "white",
                "italic": false
              }
            },
            {
              "function": "set_components",
              "components" : {
                "minecraft:custom_model_data":313004,
                "minecraft:custom_data": {
                  "tool_trim_smithing_template": 1
                }
              }
            },
            {
              "function": "set_lore",
              "mode": "replace_all",
              "lore": [
                {
                  "translate" : "tool_trim_pattern.tooltrims.frost",
                  "italic": false,
                  "color": "gray"
                },
                {
                  "text" : "",
                  "italic": false
                },
                {                  
                  "translate": "item.tooltrims.smithing_template.applies_to",
                  "italic": false,
                  "color": "gray"
                },
                {
                  "text": " ",
                  "extra": [
                    {
                        "translate": "item.tooltrims.smithing_template.tool_trim.applies_to",
                        "italic": false,
                        "color": "blue"
                    }
                  ]
                },
                {
                  "translate": "item.tooltrims.smithing_template.ingredients",
                  "italic": false,
                  "color": "gray"
                },
                {
                  "text": " ",
                  "extra": [
                    {
                        "translate": "item.tooltrims.smithing_template.tool_trim.ingredients",
                        "italic": false,
                        "color": "blue"
                    }
                  ]
                }
              ]
            }
          ]
        }
      ],
      "rolls": 1.0
    },
    {
      "bonus_rolls": 0.0,
      "entries": [
        {
          "type": "minecraft:item",
          "name": "minecraft:golden_apple"
        }
      ],
      "rolls": 1.0
    }
  ],
  "random_sequence": "minecraft:chests/igloo_chest"
}